title,desc
【楽天市場】cbd リキッドの通販,"楽天市場-「cbd リキッド」3,567件 人気の商品を価格比較・ランキング･レビュー・口コミで検討できます。ご購入でポイント取得がお得。セール商品・送料無料商品も多数。「あす楽」なら翌日お届けも可能です。"
CBDリキッド - Google 検索,
CBD・CBNとは？電子タバコ(VAPE)用CBDリキッドの効果やおすすめの選び方 | ベイプ・シーシャ・CBD・電子タバコ専門店「vape studio」,リラックス効果などが期待されてる話題の『CBD・CBN』とは？「違法ではないの？」「依存性はないの？」「選び方や使い方は？」など、不安や疑問を持つ方も多いではないでしょうか。健康・美容分野でも注目されているCBDの効果や安全性からCBD製品の選び方まで詳しく解説していきます。
Amazon｜CBDリキッドの通販,CBDリキッドを豊富に取りそろえ。ヴェポライザー、アトマイザーなどの関連アクセサリーも充実。
CBDリキッド - Google Search,
+WEED【プラスウィード公式】｜CBDリキッド｜通販,"plus-weed.jp公式通販サイト。プラスウィードで日本製CBDリキッド,カートリッジ交換タイプ、パウダーほか品揃え豊富。高純度99%、選べる高濃度。音楽鑑賞やCLUBに。"
cbd リキッド 商品一覧 - スモトク powered by CIGA - 売れ筋通販 - Yahoo!ショッピング,スモトク powered by CIGAの「cbd リキッド」を取り扱い中。Yahoo!ショッピングならお買得な人気商品をランキングやクチコミからも探せます。PayPay支払いで毎日5%貯まる！（上限あり）
CBDを使いたい！ - パイプミュージアム,電子タバコ・VAPE（ベイプ）、ヴェポライザー、CBDやCBN製品、シーシャの販売店なら【パイプミュージアム】へどうぞ！東京・新宿の実店舗でも販売中。初心者から上級者向けまでMOD、リキッドや部品等を幅広く取り扱っております。Aspire、Kanger Tech、Innokin、Joyetech、Eleafなど人気ブランドの正規品販売。全国通販OK！
cbd リキッドの通販｜au PAY マーケット,"cbd リキッドの商品をおトクに買うならau PAY マーケット　定番アイテムから旬なものまで嬉しいプチプラ価格！品揃え豊富でSALE、送料無料がいっぱい！3,000万品以上の豊富な品ぞろえをご用意しております  "
CBDリキッド | VapeMania CBD Dispensary Store,「VapeMania CBD Dispensary Store」の「CBDリキッド」カテゴリーの商品一覧
動画紹介 CBDリキッド ／k.style楽天市場店,"カンナビジオール（略称CBD）は、麻に含まれる、少なくとも113あるカンナビノイドのひとつで、非精神活性化合物です。
主に日本で違法なのはTHC（テトロヒドロカンナビノール）で、これは非常に精神作用性があり法律で禁止されている成分です。
CBD（カンナビジオール）とTHC（テトラヒドロカンナビノール）は、共に大麻に含まれる成分です。
両者の分子式は全く同じですが、構造式が異なるため、全く別の作用をします。
日本では麻由来の製品に対して不安を抱く人も多いと思われますが、麻の茎、種から作られた製品は日本において違法性はなく、安心してご利用になれます。
cbd 種類
cbd リキッド 高濃度
cbd スターター
cbdオイル
cbd 本体
cbd オイル 吸引
cbdベイプ
cbd リキッド アトマイザー
cbdリキッド 専用 ヴェポライザー
cbd リキッド 10%
cbd アトマイザー
cbd セット
cbd 福袋
cbd pen
cbd pet
cbd リキッド 5%
cbd ヴェポライザー vape 510
cbd zq"
CBDリキッド - Google 検索,
cbd リキッド キマる - Google 検索,
